E:/XDM/input/MTEXT/ID00000,b'\x00\x06\x01\x00'
E:/XDM/input/MTEXT/ID00001,b'\x00\x06\x01\x00'
E:/XDM/input/MTEXT/ID00002,b'\x00\x06\x01\x00'
E:/XDM/input/MTEXT/ID00003,b'\x00\x06\x01\x00'
E:/XDM/input/MTEXT/ID00004,b'\x00\x06\x01\x00'
E:/XDM/input/MTEXT/ID00005,b'\x00\x06\x01\x00'
E:/XDM/input/MTEXT/ID00006,b'\x00\x06\x01\x00'
E:/XDM/input/MTEXT/ID00007,b'\x00\x06\x01\x00'
E:/XDM/input/MTEXT/ID00008,b'\x00\x06\x01\x00'
E:/XDM/input/MTEXT/ID00009,b'\x00\x06\x01\x00'
E:/XDM/input/MTEXT/ID00010,b'\x00\x06\x01\x00'
E:/XDM/input/MTEXT/ID00011,b'\x00\x06\x01\x00'
E:/XDM/input/MTEXT/ID00012,b'\x00\x06\x01\x00'
E:/XDM/input/MTEXT/ID00013,b'\x00\x06\x01\x00'
E:/XDM/input/MTEXT/ID00014,b'\x00\x06\x01\x00'
E:/XDM/input/MTEXT/ID00015,b'\x00\x06\x01\x00'
E:/XDM/input/MTEXT/ID00016,b'\x00\x06\x01\x00'
E:/XDM/input/MTEXT/ID00017,b'\x00\x06\x01\x00'
E:/XDM/input/MTEXT/ID00018,b'\x00\x06\x01\x00'
E:/XDM/input/MTEXT/ID00019,b'\x00\x06\x01\x00'
E:/XDM/input/MTEXT/ID00020,b'\x00\x06\x01\x00'
E:/XDM/input/MTEXT/ID00021,b'\x00\x06\x01\x00'
E:/XDM/input/MTEXT/ID00022,b'\x00\x06\x01\x00'
E:/XDM/input/MTEXT/ID00023,b'\x00\x06\x01\x00'
E:/XDM/input/MTEXT/ID00024,b'\x00\x06\x01\x00'
E:/XDM/input/MTEXT/ID00025,b'\x00\x06\x01\x00'
E:/XDM/input/MTEXT/ID00026,b'\x00\x06\x01\x00'
E:/XDM/input/MTEXT/ID00027,b'\x00\x06\x01\x00'
E:/XDM/input/MTEXT/ID00028,b'\x00\x06\x01\x00'
E:/XDM/input/MTEXT/ID00029,b'\x00\x06\x01\x00'
E:/XDM/input/MTEXT/ID00030,b'\x00\x06\x01\x00'
E:/XDM/input/MTEXT/ID00031,b'\x00\x06\x01\x00'
E:/XDM/input/MTEXT/ID00032,b'\x00\x06\x01\x00'
E:/XDM/input/MTEXT/ID00033,b'\x00\x06\x01\x00'
E:/XDM/input/MTEXT/ID00034,b'\x00\x06\x01\x00'
E:/XDM/input/MTEXT/ID00035,b'\x00\x06\x01\x00'
E:/XDM/input/MTEXT/ID00036,b'\x00\x06\x01\x00'
E:/XDM/input/MTEXT/ID00037,b'\x00\x06\x01\x00'
E:/XDM/input/MTEXT/ID00038,b'\x00\x06\x01\x00'
E:/XDM/input/MTEXT/ID00039,b'\x00\x06\x01\x00'
E:/XDM/input/MTEXT/ID00040,b'\x00\x06\x01\x00'
E:/XDM/input/MTEXT/ID00041,b'\x00\x06\x01\x00'
E:/XDM/input/MTEXT/ID00042,b'\x00\x06\x01\x00'
E:/XDM/input/MTEXT/ID00043,b'\x00\x06\x01\x00'
E:/XDM/input/MTEXT/ID00044,b'\x00\x06\x01\x00'
E:/XDM/input/MTEXT/ID00045,b'\x00\x06\x01\x00'
E:/XDM/input/MTEXT/ID00046,b'\x00\x06\x01\x00'
E:/XDM/input/MTEXT/ID00047,b'\x00\x06\x01\x00'
E:/XDM/input/MTEXT/ID00048,b'\x00\x06\x01\x00'
E:/XDM/input/MTEXT/ID00049,b'\x00\x06\x01\x00'
E:/XDM/input/MTEXT/ID00050,b'\x00\x06\x01\x00'
E:/XDM/input/MTEXT/ID00051,b'\x00\x02\x00\x00'
E:/XDM/input/MTEXT/ID00052,b'\x00\x02\x00\x00'
E:/XDM/input/MTEXT/ID00053,b'\x00\x02\x00\x00'
E:/XDM/input/MTEXT/ID00054,b'\x00\x02\x00\x00'
E:/XDM/input/MTEXT/ID00055,b'\x00\x02\x00\x00'
E:/XDM/input/MTEXT/ID00056,b'\x00\x02\x00\x00'
E:/XDM/input/MTEXT/ID00057,b'\x00\x02\x00\x00'
E:/XDM/input/MTEXT/ID00058,b'\x00\x02\x00\x00'
E:/XDM/input/MTEXT/ID00059,b'\x00\x02\x00\x00'
E:/XDM/input/MTEXT/ID00060,b'\x00\x02\x00\x00'
E:/XDM/input/MTEXT/ID00061,b'\x00\x02\x00\x00'
E:/XDM/input/MTEXT/ID00062,b'\x00\x02\x00\x00'
E:/XDM/input/MTEXT/ID00063,b'\x00\x02\x00\x00'
E:/XDM/input/MTEXT/ID00064,b'\x00\x02\x00\x00'
E:/XDM/input/MTEXT/ID00065,b'\x00\x02\x00\x00'
E:/XDM/input/MTEXT/ID00066,b'\x00\x02\x00\x00'
E:/XDM/input/MTEXT/ID00067,b'\x00\x02\x00\x00'
E:/XDM/input/MTEXT/ID00068,b'\x00\x02\x00\x00'
E:/XDM/input/MTEXT/ID00069,b'\x00\x02\x00\x00'
E:/XDM/input/MTEXT/ID00070,b'\x00\x02\x00\x00'
E:/XDM/input/MTEXT/ID00071,b'\x00\x02\x00\x00'
E:/XDM/input/MTEXT/ID00072,b'\x00\x02\x00\x00'
E:/XDM/input/MTEXT/ID00073,b'\x00\x02\x00\x00'
E:/XDM/input/MTEXT/ID00074,b'\x00\x02\x00\x00'
E:/XDM/input/MTEXT/ID00075,b'\x00\x02\x00\x00'
E:/XDM/input/MTEXT/ID00076,b'\x00\x02\x00\x00'
E:/XDM/input/MTEXT/ID00077,b'\x00\x02\x00\x00'
E:/XDM/input/MTEXT/ID00078,b'\x00\x02\x00\x00'
E:/XDM/input/MTEXT/ID00079,b'\x00\x02\x00\x00'
E:/XDM/input/MTEXT/ID00080,b'\x00\x02\x00\x00'
E:/XDM/input/MTEXT/ID00081,b'\x00\x02\x00\x00'
E:/XDM/input/MTEXT/ID00082,b'\x00\x02\x00\x00'
E:/XDM/input/MTEXT/ID00083,b'\x00\x02\x00\x00'
E:/XDM/input/MTEXT/ID00084,b'\x00\x02\x00\x00'
E:/XDM/input/MTEXT/ID00085,b'\x00\x02\x00\x00'
E:/XDM/input/MTEXT/ID00086,b'\x00\x02\x00\x00'
E:/XDM/input/MTEXT/ID00087,b'\x00\x02\x00\x00'
E:/XDM/input/MTEXT/ID00088,b'\x00\x02\x00\x00'
E:/XDM/input/MTEXT/ID00089,b'\x00\x02\x00\x00'
E:/XDM/input/MTEXT/ID00090,b'\x00\x02\x00\x00'
E:/XDM/input/MTEXT/ID00091,b'\x00\x02\x00\x00'
E:/XDM/input/MTEXT/ID00092,b'\x00\x02\x00\x00'
E:/XDM/input/MTEXT/ID00093,b'\x00\x02\x00\x00'
E:/XDM/input/MTEXT/ID00094,b'\x00\x02\x00\x00'
E:/XDM/input/MTEXT/ID00095,b'\x00\x02\x00\x00'
E:/XDM/input/MTEXT/ID00096,b'\x00\x02\x00\x00'
E:/XDM/input/MTEXT/ID00097,b'\x00\x02\x00\x00'
E:/XDM/input/MTEXT/ID00098,b'\x00\x02\x00\x00'
E:/XDM/input/MTEXT/ID00099,b'\x00\x02\x00\x00'
E:/XDM/input/MTEXT/ID00100,b'\x00\x02\x00\x00'
E:/XDM/input/MTEXT/ID00101,b'\x00\x02\x00\x00'
E:/XDM/input/MTEXT/ID00102,b'\x00\x02\x00\x00'
E:/XDM/input/MTEXT/ID00103,b'\x00\x02\x00\x00'
E:/XDM/input/MTEXT/ID00104,b'\x00\x02\x00\x00'
E:/XDM/input/MTEXT/ID00105,b'\x00\x02\x00\x00'
E:/XDM/input/MTEXT/ID00106,b'\x00\x02\x00\x00'
E:/XDM/input/MTEXT/ID00107,b'\x00\x02\x00\x00'
E:/XDM/input/MTEXT/ID00108,b'\x00\x02\x00\x00'
E:/XDM/input/MTEXT/ID00109,b'\x00\x02\x00\x00'
E:/XDM/input/MTEXT/ID00110,b'\x00\x02\x00\x00'
E:/XDM/input/MTEXT/ID00111,b'\x00\x02\x00\x00'
E:/XDM/input/MTEXT/ID00112,b'\x00\x02\x00\x00'
E:/XDM/input/MTEXT/ID00113,b'\x00\x02\x00\x00'
E:/XDM/input/MTEXT/ID00114,b'\x00\x02\x00\x00'
E:/XDM/input/MTEXT/ID00115,b'\x00\x02\x00\x00'
E:/XDM/input/MTEXT/ID00116,b'\x00\x02\x00\x00'
E:/XDM/input/MTEXT/ID00117,b'\x00\x02\x00\x00'
E:/XDM/input/MTEXT/ID00118,b'\x00\x02\x00\x00'
E:/XDM/input/MTEXT/ID00119,b'\x00\x02\x00\x00'
E:/XDM/input/MTEXT/ID00120,b'\x00\x02\x00\x00'
E:/XDM/input/MTEXT/ID00121,b'\x00\x02\x00\x00'
E:/XDM/input/MTEXT/ID00122,b'\x00\x02\x00\x00'
E:/XDM/input/MTEXT/ID00123,b'\x00\x02\x00\x00'
E:/XDM/input/MTEXT/ID00124,b'\x00\x02\x00\x00'
E:/XDM/input/MTEXT/ID00125,b'\x00\x02\x00\x00'
E:/XDM/input/MTEXT/ID00126,b'\x00\x02\x00\x00'
E:/XDM/input/MTEXT/ID00127,b'\x00\x02\x00\x00'
E:/XDM/input/MTEXT/ID00128,b'\x00\x02\x00\x00'
E:/XDM/input/MTEXT/ID00129,b'\x00\x02\x00\x00'
E:/XDM/input/MTEXT/ID00130,b'\x00\x02\x00\x00'
E:/XDM/input/MTEXT/ID00131,b'\x00\x02\x00\x00'
E:/XDM/input/MTEXT/ID00132,b'\x00\x02\x00\x00'
E:/XDM/input/MTEXT/ID00133,b'\x00\x02\x00\x00'
E:/XDM/input/MTEXT/ID00134,b'\x00\x02\x00\x00'
E:/XDM/input/MTEXT/ID00135,b'\x00\x02\x00\x00'
E:/XDM/input/MTEXT/ID00136,b'\x00\x02\x00\x00'
E:/XDM/input/MTEXT/ID00137,b'\x00\x02\x00\x00'
E:/XDM/input/MTEXT/ID00138,b'\x00\x02\x00\x00'
E:/XDM/input/MTEXT/ID00139,b'\x00\x02\x00\x00'
E:/XDM/input/MTEXT/ID00140,b'\x00\x02\x00\x00'
E:/XDM/input/MTEXT/ID00141,b'\x00\x02\x00\x00'
E:/XDM/input/MTEXT/ID00142,b'\x00\x02\x00\x00'
E:/XDM/input/MTEXT/ID00143,b'\x00\x02\x00\x00'
E:/XDM/input/MTEXT/ID00144,b'\x00\x02\x00\x00'
E:/XDM/input/MTEXT/ID00145,b'\x00\x02\x00\x00'
E:/XDM/input/MTEXT/ID00146,b'\x00\x02\x00\x00'
E:/XDM/input/MTEXT/ID00147,b'\x00\x02\x00\x00'
E:/XDM/input/MTEXT/ID00148,b'\x00\x02\x00\x00'
E:/XDM/input/MTEXT/ID00149,b'\x00\x02\x00\x00'
E:/XDM/input/MTEXT/ID00150,b'\x00\x02\x00\x00'
E:/XDM/input/MTEXT/ID00151,b'\x00\x02\x00\x00'
E:/XDM/input/MTEXT/ID00152,b'\x00\x02\x00\x00'
E:/XDM/input/MTEXT/ID00153,b'\x00\x02\x00\x00'
E:/XDM/input/MTEXT/ID00154,b'\x00\x02\x00\x00'
E:/XDM/input/MTEXT/ID00155,b'\x00\x02\x00\x00'
E:/XDM/input/MTEXT/ID00156,b'\x00\x02\x00\x00'
E:/XDM/input/MTEXT/ID00157,b'\x00\x02\x00\x00'
E:/XDM/input/MTEXT/ID00158,b'\x00\x02\x00\x00'
E:/XDM/input/MTEXT/ID00159,b'\x00\x02\x00\x00'
E:/XDM/input/MTEXT/ID00160,b'\x00\x02\x00\x00'
E:/XDM/input/MTEXT/ID00161,b'\x00\x02\x00\x00'
E:/XDM/input/MTEXT/ID00162,b'\x00\x02\x00\x00'
E:/XDM/input/MTEXT/ID00163,b'\x00\x02\x00\x00'
E:/XDM/input/MTEXT/ID00164,b'\x00\x02\x00\x00'
E:/XDM/input/MTEXT/ID00165,b'\x00\x02\x00\x00'
E:/XDM/input/MTEXT/ID00166,b'\x00\x02\x00\x00'
E:/XDM/input/MTEXT/ID00167,b'\x00\x02\x00\x00'
E:/XDM/input/MTEXT/ID00168,b'\x00\x02\x00\x00'
E:/XDM/input/MTEXT/ID00169,b'\x00\x02\x00\x00'
E:/XDM/input/MTEXT/ID00170,b'\x00\x02\x00\x00'
E:/XDM/input/MTEXT/ID00171,b'\x00\x02\x00\x00'
E:/XDM/input/MTEXT/ID00172,b'\x00\x02\x00\x00'
E:/XDM/input/MTEXT/ID00173,b'\x00\x02\x00\x00'
E:/XDM/input/MTEXT/ID00174,b'\x00\x02\x00\x00'
E:/XDM/input/MTEXT/ID00175,b'\x00\x02\x00\x00'
E:/XDM/input/MTEXT/ID00176,b'\x00\x02\x00\x00'
E:/XDM/input/MTEXT/ID00177,b'\x00\x02\x00\x00'
E:/XDM/input/MTEXT/ID00178,b'\x00\x02\x00\x00'
E:/XDM/input/MTEXT/ID00179,b'\x00\x02\x00\x00'
E:/XDM/input/MTEXT/ID00180,b'\x00\x02\x00\x00'
E:/XDM/input/MTEXT/ID00181,b'\x00\x02\x00\x00'
E:/XDM/input/MTEXT/ID00182,b'\x00\x02\x00\x00'
E:/XDM/input/MTEXT/ID00183,b'\x00\x02\x00\x00'
E:/XDM/input/MTEXT/ID00184,b'\x00\x02\x00\x00'
E:/XDM/input/MTEXT/ID00185,b'\x00\x02\x00\x00'
E:/XDM/input/MTEXT/ID00186,b'\x00\x02\x00\x00'
E:/XDM/input/MTEXT/ID00187,b'\x00\x02\x00\x00'
E:/XDM/input/MTEXT/ID00188,b'\x00\x02\x00\x00'
E:/XDM/input/MTEXT/ID00189,b'\x00\x02\x00\x00'
E:/XDM/input/MTEXT/ID00190,b'\x00\x02\x00\x00'
E:/XDM/input/MTEXT/ID00191,b'\x00\x02\x00\x00'
E:/XDM/input/MTEXT/ID00192,b'\x00\x02\x00\x00'
E:/XDM/input/MTEXT/ID00193,b'\x00\x02\x00\x00'
E:/XDM/input/MTEXT/ID00194,b'\x00\x02\x00\x00'
E:/XDM/input/MTEXT/ID00195,b'\x00\x02\x00\x00'
E:/XDM/input/MTEXT/ID00196,b'\x00\x02\x00\x00'
E:/XDM/input/MTEXT/ID00197,b'\x00\x02\x00\x00'
E:/XDM/input/MTEXT/ID00198,b'\x00\x02\x00\x00'
E:/XDM/input/MTEXT/ID00199,b'\x00\x02\x00\x00'
E:/XDM/input/MTEXT/ID00200,b'\x00\x02\x00\x00'
E:/XDM/input/MTEXT/ID00201,b'\x00\x02\x00\x00'
E:/XDM/input/MTEXT/ID00202,b'\x00\x02\x00\x00'
E:/XDM/input/MTEXT/ID00203,b'\x00\x02\x00\x00'
E:/XDM/input/MTEXT/ID00204,b'\x00\x02\x00\x00'
E:/XDM/input/MTEXT/ID00205,b'\x00\x02\x00\x00'
E:/XDM/input/MTEXT/ID00206,b'\x00\x02\x00\x00'
E:/XDM/input/MTEXT/ID00207,b'\x00\x02\x00\x00'
E:/XDM/input/MTEXT/ID00208,b'\x00\x02\x00\x00'
E:/XDM/input/MTEXT/ID00209,b'\x00\x02\x00\x00'
E:/XDM/input/MTEXT/ID00210,b'\x00\x02\x00\x00'
E:/XDM/input/MTEXT/ID00211,b'\x00\x02\x00\x00'
E:/XDM/input/MTEXT/ID00212,b'\x00\x02\x00\x00'
E:/XDM/input/MTEXT/ID00213,b'\x00\x02\x00\x00'
E:/XDM/input/MTEXT/ID00214,b'\x00\x02\x00\x00'
E:/XDM/input/MTEXT/ID00215,b'\x00\x02\x00\x00'
E:/XDM/input/MTEXT/ID00216,b'\x00\x02\x00\x00'
E:/XDM/input/MTEXT/ID00217,b'\x00\x02\x00\x00'
E:/XDM/input/MTEXT/ID00218,b'\x00\x02\x00\x00'
E:/XDM/input/MTEXT/ID00219,b'\x00\x02\x00\x00'
E:/XDM/input/MTEXT/ID00220,b'\x00\x02\x00\x00'
E:/XDM/input/MTEXT/ID00221,b'\x00\x02\x00\x00'
E:/XDM/input/MTEXT/ID00222,b'\x00\x02\x00\x00'
E:/XDM/input/MTEXT/ID00223,b'\x00\x02\x00\x00'
E:/XDM/input/MTEXT/ID00224,b'\x00\x02\x00\x00'
E:/XDM/input/MTEXT/ID00225,b'\x00\x02\x00\x00'
E:/XDM/input/MTEXT/ID00226,b'\x00\x02\x00\x00'
E:/XDM/input/MTEXT/ID00227,b'\x00\x02\x00\x00'
E:/XDM/input/MTEXT/ID00228,b'\x00\x02\x00\x00'
E:/XDM/input/MTEXT/ID00229,b'\x00\x02\x00\x00'
E:/XDM/input/MTEXT/ID00230,b'\x00\x02\x00\x00'
E:/XDM/input/MTEXT/ID00231,b'\x00\x02\x00\x00'
E:/XDM/input/MTEXT/ID00232,b'\x00\x02\x00\x00'
E:/XDM/input/MTEXT/ID00233,b'\x00\x02\x00\x00'
E:/XDM/input/MTEXT/ID00234,b'\x00\x02\x00\x00'
E:/XDM/input/MTEXT/ID00235,b'\x00\x02\x00\x00'
E:/XDM/input/MTEXT/ID00236,b'\x00\x02\x00\x00'
E:/XDM/input/MTEXT/ID00237,b'\x00\x02\x00\x00'
E:/XDM/input/MTEXT/ID00238,b'\x00\x02\x00\x00'
E:/XDM/input/MTEXT/ID00239,b'\x00\x02\x00\x00'
E:/XDM/input/MTEXT/ID00240,b'\x00\x02\x00\x00'
E:/XDM/input/MTEXT/ID00241,b'\x00\x02\x00\x00'
E:/XDM/input/MTEXT/ID00242,b'\x00\x02\x00\x00'
E:/XDM/input/MTEXT/ID00243,b'\x00\x02\x00\x00'
E:/XDM/input/MTEXT/ID00244,b'\x00\x02\x00\x00'
E:/XDM/input/MTEXT/ID00245,b'\x00\x02\x00\x00'
E:/XDM/input/MTEXT/ID00246,b'\x00\x02\x00\x00'
E:/XDM/input/MTEXT/ID00247,b'\x00\x02\x00\x00'
E:/XDM/input/MTEXT/ID00248,b'\x00\x02\x00\x00'
E:/XDM/input/MTEXT/ID00249,b'\x00\x02\x00\x00'
E:/XDM/input/MTEXT/ID00250,b'\x00\x02\x00\x00'
E:/XDM/input/MTEXT/ID00251,b'\x00\x02\x00\x00'
E:/XDM/input/MTEXT/ID00252,b'\x00\x02\x00\x00'
E:/XDM/input/MTEXT/ID00253,b'\x00\x02\x00\x00'
E:/XDM/input/MTEXT/ID00254,b'\x00\x02\x00\x00'
E:/XDM/input/MTEXT/ID00255,b'\x00\x02\x00\x00'
E:/XDM/input/MTEXT/ID00256,b'\x00\x02\x00\x00'
E:/XDM/input/MTEXT/ID00257,b'\x00\x02\x00\x00'
E:/XDM/input/MTEXT/ID00258,b'\x00\x02\x00\x00'
E:/XDM/input/MTEXT/ID00259,b'\x00\x02\x00\x00'
E:/XDM/input/MTEXT/ID00260,b'\x00\x02\x00\x00'
E:/XDM/input/MTEXT/ID00261,b'\x00\x02\x00\x00'
E:/XDM/input/MTEXT/ID00262,b'\x00\x02\x00\x00'
E:/XDM/input/MTEXT/ID00263,b'\x00\x02\x00\x00'
E:/XDM/input/MTEXT/ID00264,b'\x00\x02\x00\x00'
E:/XDM/input/MTEXT/ID00265,b'\x00\x02\x00\x00'
E:/XDM/input/MTEXT/ID00266,b'\x00\x02\x00\x00'
E:/XDM/input/MTEXT/ID00267,b'\x00\x02\x00\x00'
E:/XDM/input/MTEXT/ID00268,b'\x00\x02\x00\x00'
E:/XDM/input/MTEXT/ID00269,b'\x00\x02\x00\x00'
E:/XDM/input/MTEXT/ID00270,b'\x00\x02\x00\x00'
E:/XDM/input/MTEXT/ID00271,b'\x00\x02\x00\x00'
E:/XDM/input/MTEXT/ID00272,b'\x00\x02\x00\x00'
E:/XDM/input/MTEXT/ID00273,b'\x00\x02\x00\x00'
E:/XDM/input/MTEXT/ID00274,b'\x00\x02\x00\x00'
E:/XDM/input/MTEXT/ID00275,b'\x00\x02\x00\x00'
E:/XDM/input/MTEXT/ID00276,b'\x00\x02\x00\x00'
E:/XDM/input/MTEXT/ID00277,b'\x00\x02\x00\x00'
E:/XDM/input/MTEXT/ID00278,b'\x00\x02\x00\x00'
E:/XDM/input/MTEXT/ID00279,b'\x00\x02\x00\x00'
E:/XDM/input/MTEXT/ID00280,b'\x00\x02\x00\x00'
E:/XDM/input/MTEXT/ID00281,b'\x00\x02\x00\x00'
E:/XDM/input/MTEXT/ID00282,b'\x00\x02\x00\x00'
E:/XDM/input/MTEXT/ID00283,b'\x00\x02\x00\x00'
E:/XDM/input/MTEXT/ID00284,b'\x00\x02\x00\x00'
E:/XDM/input/MTEXT/ID00285,b'\x00\x02\x00\x00'
E:/XDM/input/MTEXT/ID00286,b'\x00\x02\x00\x00'
E:/XDM/input/MTEXT/ID00287,b'\x00\x02\x00\x00'
E:/XDM/input/MTEXT/ID00288,b'\x00\x02\x00\x00'
E:/XDM/input/MTEXT/ID00289,b'\x00\x02\x00\x00'
E:/XDM/input/MTEXT/ID00290,b'\x00\x02\x00\x00'
E:/XDM/input/MTEXT/ID00291,b'\x00\x02\x00\x00'
E:/XDM/input/MTEXT/ID00292,b'\x00\x02\x00\x00'
E:/XDM/input/MTEXT/ID00293,b'\x00\x02\x00\x00'
E:/XDM/input/MTEXT/ID00294,b'\x00\x02\x00\x00'
E:/XDM/input/MTEXT/ID00295,b'\x00\x02\x00\x00'
E:/XDM/input/MTEXT/ID00296,b'\x00\x02\x00\x00'
E:/XDM/input/MTEXT/ID00297,b'\x00\x02\x00\x00'
E:/XDM/input/MTEXT/ID00298,b'\x00\x02\x00\x00'
E:/XDM/input/MTEXT/ID00299,b'\x00\x02\x00\x00'
E:/XDM/input/MTEXT/ID00300,b'\x00\x02\x00\x00'
E:/XDM/input/MTEXT/ID00301,b'\x00\x02\x00\x00'
E:/XDM/input/MTEXT/ID00302,b'\x00\x02\x00\x00'
E:/XDM/input/MTEXT/ID00303,b'\x00\x02\x00\x00'
E:/XDM/input/MTEXT/ID00304,b'\x00\x02\x00\x00'
E:/XDM/input/MTEXT/ID00305,b'\x00\x02\x00\x00'
E:/XDM/input/MTEXT/ID00306,b'\x00\x02\x00\x00'
E:/XDM/input/MTEXT/ID00307,b'\x00\x02\x00\x00'
E:/XDM/input/MTEXT/ID00308,b'\x00\x02\x00\x00'
E:/XDM/input/MTEXT/ID00309,b'\x00\x02\x00\x00'
E:/XDM/input/MTEXT/ID00310,b'\x00\x02\x00\x00'
E:/XDM/input/MTEXT/ID00311,b'\x00\x02\x00\x00'
E:/XDM/input/MTEXT/ID00312,b'\x00\x02\x00\x00'
E:/XDM/input/MTEXT/ID00313,b'\x00\x02\x00\x00'
E:/XDM/input/MTEXT/ID00314,b'\x00\x02\x00\x00'
E:/XDM/input/MTEXT/ID00315,b'\x00\x02\x00\x00'
E:/XDM/input/MTEXT/ID00316,b'\x00\x02\x00\x00'
E:/XDM/input/MTEXT/ID00317,b'\x00\x02\x00\x00'
E:/XDM/input/MTEXT/ID00318,b'\x00\x02\x00\x00'
E:/XDM/input/MTEXT/ID00319,b'\x00\x02\x00\x00'
E:/XDM/input/MTEXT/ID00320,b'\x00\x02\x00\x00'
E:/XDM/input/MTEXT/ID00321,b'\x00\x02\x00\x00'
E:/XDM/input/MTEXT/ID00322,b'\x00\x02\x00\x00'
E:/XDM/input/MTEXT/ID00323,b'\x00\x02\x00\x00'
E:/XDM/input/MTEXT/ID00324,b'\x00\x02\x00\x00'
E:/XDM/input/MTEXT/ID00325,b'\x00\x02\x00\x00'
E:/XDM/input/MTEXT/ID00326,b'\x00\x02\x00\x00'
E:/XDM/input/MTEXT/ID00327,b'\x00\x02\x00\x00'
E:/XDM/input/MTEXT/ID00328,b'\x00\x02\x00\x00'
E:/XDM/input/MTEXT/ID00329,b'\x00\x02\x00\x00'
E:/XDM/input/MTEXT/ID00330,b'\x00\x02\x00\x00'
E:/XDM/input/MTEXT/ID00331,b'\x00\x02\x00\x00'
E:/XDM/input/MTEXT/ID00332,b'\x00\x02\x00\x00'
E:/XDM/input/MTEXT/ID00333,b'\x00\x02\x00\x00'
E:/XDM/input/MTEXT/ID00334,b'\x00\x02\x00\x00'
E:/XDM/input/MTEXT/ID00335,b'\x00\x02\x00\x00'
E:/XDM/input/MTEXT/ID00336,b'\x00\x02\x00\x00'
E:/XDM/input/MTEXT/ID00337,b'\x00\x02\x00\x00'
E:/XDM/input/MTEXT/ID00338,b'\x00\x02\x00\x00'
E:/XDM/input/MTEXT/ID00339,b'\x00\x02\x00\x00'
E:/XDM/input/MTEXT/ID00340,b'\x00\x02\x00\x00'
E:/XDM/input/MTEXT/ID00341,b'\x00\x02\x00\x00'
E:/XDM/input/MTEXT/ID00342,b'\x00\x02\x00\x00'
E:/XDM/input/MTEXT/ID00343,b'\x00\x02\x00\x00'
E:/XDM/input/MTEXT/ID00344,b'\x00\x02\x00\x00'
E:/XDM/input/MTEXT/ID00345,b'\x00\x02\x00\x00'
E:/XDM/input/MTEXT/ID00346,b'\x00\x02\x00\x00'
E:/XDM/input/MTEXT/ID00347,b'\x00\x02\x00\x00'
E:/XDM/input/MTEXT/ID00348,b'\x00\x02\x00\x00'
E:/XDM/input/MTEXT/ID00349,b'\x00\x02\x00\x00'
E:/XDM/input/MTEXT/ID00350,b'\x00\x02\x00\x00'
E:/XDM/input/MTEXT/ID00351,b'\x00\x02\x00\x00'
E:/XDM/input/MTEXT/ID00352,b'\x00\x02\x00\x00'
E:/XDM/input/MTEXT/ID00353,b'\x00\x02\x00\x00'
E:/XDM/input/MTEXT/ID00354,b'\x00\x02\x00\x00'
E:/XDM/input/MTEXT/ID00355,b'\x00\x02\x00\x00'
E:/XDM/input/MTEXT/ID00356,b'\x00\x02\x00\x00'
E:/XDM/input/MTEXT/ID00357,b'\x00\x02\x00\x00'
E:/XDM/input/MTEXT/ID00358,b'\x00\x02\x00\x00'
E:/XDM/input/MTEXT/ID00359,b'\x00\x02\x00\x00'
E:/XDM/input/MTEXT/ID00360,b'\x00\x02\x00\x00'
E:/XDM/input/MTEXT/ID00361,b'\x00\x02\x00\x00'
E:/XDM/input/MTEXT/ID00362,b'\x00\x02\x00\x00'
E:/XDM/input/MTEXT/ID00363,b'\x00\x02\x00\x00'
E:/XDM/input/MTEXT/ID00364,b'\x00\x02\x00\x00'
E:/XDM/input/MTEXT/ID00365,b'\x00\x02\x00\x00'
E:/XDM/input/MTEXT/ID00366,b'\x00\x02\x00\x00'
E:/XDM/input/MTEXT/ID00367,b'\x00\x02\x00\x00'
E:/XDM/input/MTEXT/ID00368,b'\x00\x02\x00\x00'
E:/XDM/input/MTEXT/ID00369,b'\x00\x02\x00\x00'
E:/XDM/input/MTEXT/ID00370,b'\x00\x02\x00\x00'
E:/XDM/input/MTEXT/ID00371,b'\x00\x02\x00\x00'
E:/XDM/input/MTEXT/ID00372,b'\x00\x02\x00\x00'
E:/XDM/input/MTEXT/ID00373,b'\x00\x02\x00\x00'
E:/XDM/input/MTEXT/ID00374,b'\x00\x02\x00\x00'
E:/XDM/input/MTEXT/ID00375,b'\x00\x02\x00\x00'
E:/XDM/input/MTEXT/ID00376,b'\x00\x02\x00\x00'
E:/XDM/input/MTEXT/ID00377,b'\x00\x02\x00\x00'
E:/XDM/input/MTEXT/ID00378,b'\x00\x02\x00\x00'
E:/XDM/input/MTEXT/ID00379,b'\x00\x02\x00\x00'
E:/XDM/input/MTEXT/ID00380,b'\x00\x02\x00\x00'
E:/XDM/input/MTEXT/ID00381,b'\x00\x02\x00\x00'
E:/XDM/input/MTEXT/ID00382,b'\x00\x02\x00\x00'
E:/XDM/input/MTEXT/ID00383,b'\x00\x02\x00\x00'
E:/XDM/input/MTEXT/ID00384,b'\x00\x02\x00\x00'
E:/XDM/input/MTEXT/ID00385,b'\x00\x02\x00\x00'
E:/XDM/input/MTEXT/ID00386,b'\x00\x02\x00\x00'
E:/XDM/input/MTEXT/ID00387,b'\x00\x02\x00\x00'
E:/XDM/input/MTEXT/ID00388,b'\x00\x02\x00\x00'
E:/XDM/input/MTEXT/ID00389,b'\x00\x02\x00\x00'
E:/XDM/input/MTEXT/ID00390,b'\x00\x02\x00\x00'
E:/XDM/input/MTEXT/ID00391,b'\x00\x02\x00\x00'
E:/XDM/input/MTEXT/ID00392,b'\x00\x02\x00\x00'
E:/XDM/input/MTEXT/ID00393,b'\x00\x02\x00\x00'
E:/XDM/input/MTEXT/ID00394,b'\x00\x02\x00\x00'
E:/XDM/input/MTEXT/ID00395,b'\x00\x02\x00\x00'
E:/XDM/input/MTEXT/ID00396,b'\x00\x02\x00\x00'
E:/XDM/input/MTEXT/ID00397,b'\x00\x02\x00\x00'
E:/XDM/input/MTEXT/ID00398,b'\x00\x02\x00\x00'
E:/XDM/input/MTEXT/ID00399,b'\x00\x02\x00\x00'
E:/XDM/input/MTEXT/ID00400,b'\x00\x02\x00\x00'
E:/XDM/input/MTEXT/ID00401,b'\x00\x02\x00\x00'
E:/XDM/input/MTEXT/ID00402,b'\x00\x02\x00\x00'
E:/XDM/input/MTEXT/ID00403,b'\x00\x02\x00\x00'
E:/XDM/input/MTEXT/ID00404,b'\x00\x02\x00\x00'
E:/XDM/input/MTEXT/ID00405,b'\x00\x02\x00\x00'
E:/XDM/input/MTEXT/ID00406,b'\x00\x02\x00\x00'
E:/XDM/input/MTEXT/ID00407,b'\x00\x02\x00\x00'
E:/XDM/input/MTEXT/ID00408,b'\x00\x02\x00\x00'
E:/XDM/input/MTEXT/ID00409,b'\x00\x02\x00\x00'
E:/XDM/input/MTEXT/ID00410,b'\x00\x02\x00\x00'
E:/XDM/input/MTEXT/ID00411,b'\x00\x02\x00\x00'
E:/XDM/input/MTEXT/ID00412,b'\x00\x02\x00\x00'
E:/XDM/input/MTEXT/ID00413,b'\x00\x02\x00\x00'
E:/XDM/input/MTEXT/ID00414,b'\x00\x02\x00\x00'
E:/XDM/input/MTEXT/ID00415,b'\x00\x02\x00\x00'
E:/XDM/input/MTEXT/ID00416,b'\x00\x02\x00\x00'
E:/XDM/input/MTEXT/ID00417,b'\x00\x02\x00\x00'
E:/XDM/input/MTEXT/ID00418,b'\x00\x02\x00\x00'
E:/XDM/input/MTEXT/ID00419,b'\x00\x02\x00\x00'
E:/XDM/input/MTEXT/ID00420,b'\x00\x02\x00\x00'
E:/XDM/input/MTEXT/ID00421,b'\x00\x02\x00\x00'
E:/XDM/input/MTEXT/ID00422,b'\x00\x02\x00\x00'
E:/XDM/input/MTEXT/ID00423,b'\x00\x02\x00\x00'
E:/XDM/input/MTEXT/ID00424,b'\x00\x02\x00\x00'
E:/XDM/input/MTEXT/ID00425,b'\x00\x02\x00\x00'
E:/XDM/input/MTEXT/ID00426,b'\x00\x02\x00\x00'
E:/XDM/input/MTEXT/ID00427,b'\x00\x02\x00\x00'
E:/XDM/input/MTEXT/ID00428,b'\x00\x02\x00\x00'
E:/XDM/input/MTEXT/ID00429,b'\x00\x02\x00\x00'
E:/XDM/input/MTEXT/ID00430,b'\x00\x02\x00\x00'
E:/XDM/input/MTEXT/ID00431,b'\x00\x02\x00\x00'
E:/XDM/input/MTEXT/ID00432,b'\x00\x02\x00\x00'
E:/XDM/input/MTEXT/ID00433,b'\x00\x02\x00\x00'
E:/XDM/input/MTEXT/ID00434,b'\x00\x02\x00\x00'
E:/XDM/input/MTEXT/ID00435,b'\x00\x02\x00\x00'
E:/XDM/input/MTEXT/ID00436,b'\x00\x02\x00\x00'
E:/XDM/input/MTEXT/ID00437,b'\x00\x02\x00\x00'
E:/XDM/input/MTEXT/ID00438,b'\x00\x02\x00\x00'
E:/XDM/input/MTEXT/ID00439,b'\x00\x02\x00\x00'
E:/XDM/input/MTEXT/ID00440,b'\x00\x02\x00\x00'
E:/XDM/input/MTEXT/ID00441,b'\x00\x02\x00\x00'
E:/XDM/input/MTEXT/ID00442,b'\x00\x02\x00\x00'
E:/XDM/input/MTEXT/ID00443,b'\x00\x02\x00\x00'
E:/XDM/input/MTEXT/ID00444,b'\x00\x02\x00\x00'
E:/XDM/input/MTEXT/ID00445,b'\x00\x02\x00\x00'
E:/XDM/input/MTEXT/ID00446,b'\x00\x02\x00\x00'
E:/XDM/input/MTEXT/ID00447,b'\x00\x02\x00\x00'
E:/XDM/input/MTEXT/ID00448,b'\x00\x02\x00\x00'
E:/XDM/input/MTEXT/ID00449,b'\x00\x02\x00\x00'
E:/XDM/input/MTEXT/ID00450,b'\x00\x02\x00\x00'
E:/XDM/input/MTEXT/ID00451,b'\x00\x02\x00\x00'
E:/XDM/input/MTEXT/ID00452,b'\x00\x02\x00\x00'
E:/XDM/input/MTEXT/ID00453,b'\x00\x02\x00\x00'
E:/XDM/input/MTEXT/ID00454,b'\x00\x02\x00\x00'
E:/XDM/input/MTEXT/ID00455,b'\x00\x02\x00\x00'
E:/XDM/input/MTEXT/ID00456,b'\x00\x02\x00\x00'
E:/XDM/input/MTEXT/ID00457,b'\x00\x02\x00\x00'
E:/XDM/input/MTEXT/ID00458,b'\x00\x02\x00\x00'
E:/XDM/input/MTEXT/ID00459,b'\x00\x02\x00\x00'
E:/XDM/input/MTEXT/ID00460,b'\x00\x02\x00\x00'
E:/XDM/input/MTEXT/ID00461,b'\x00\x02\x00\x00'
E:/XDM/input/MTEXT/ID00462,b'\x00\x02\x00\x00'
E:/XDM/input/MTEXT/ID00463,b'\x00\x02\x00\x00'
E:/XDM/input/MTEXT/ID00464,b'\x00\x02\x00\x00'
E:/XDM/input/MTEXT/ID00465,b'\x00\x02\x00\x00'
E:/XDM/input/MTEXT/ID00466,b'\x00\x02\x00\x00'
E:/XDM/input/MTEXT/ID00467,b'\x00\x02\x00\x00'
E:/XDM/input/MTEXT/ID00468,b'\x00\x02\x00\x00'
E:/XDM/input/MTEXT/ID00469,b'\x00\x02\x00\x00'
E:/XDM/input/MTEXT/ID00470,b'\x00\x02\x00\x00'
E:/XDM/input/MTEXT/ID00471,b'\x00\x02\x00\x00'
E:/XDM/input/MTEXT/ID00472,b'\x00\x02\x00\x00'
E:/XDM/input/MTEXT/ID00473,b'\x00\x02\x00\x00'
E:/XDM/input/MTEXT/ID00474,b'\x00\x02\x00\x00'
E:/XDM/input/MTEXT/ID00475,b'\x00\x02\x00\x00'
E:/XDM/input/MTEXT/ID00476,b'\x00\x02\x00\x00'
E:/XDM/input/MTEXT/ID00477,b'\x00\x02\x00\x00'
E:/XDM/input/MTEXT/ID00478,b'\x00\x02\x00\x00'
E:/XDM/input/MTEXT/ID00479,b'\x00\x02\x00\x00'
E:/XDM/input/MTEXT/ID00480,b'\x00\x02\x00\x00'
E:/XDM/input/MTEXT/ID00481,b'\x00\x02\x00\x00'
E:/XDM/input/MTEXT/ID00482,b'\x00\x02\x00\x00'
E:/XDM/input/MTEXT/ID00483,b'\x00\x02\x00\x00'
E:/XDM/input/MTEXT/ID00484,b'\x00\x02\x00\x00'
E:/XDM/input/MTEXT/ID00485,b'\x00\x02\x00\x00'
E:/XDM/input/MTEXT/ID00486,b'\x00\x02\x00\x00'
E:/XDM/input/MTEXT/ID00487,b'\x00\x02\x00\x00'
E:/XDM/input/MTEXT/ID00488,b'\x00\x02\x00\x00'
E:/XDM/input/MTEXT/ID00489,b'\x00\x02\x00\x00'
E:/XDM/input/MTEXT/ID00490,b'\x00\x02\x00\x00'
E:/XDM/input/MTEXT/ID00491,b'\x00\x02\x00\x00'
E:/XDM/input/MTEXT/ID00492,b'\x00\x02\x00\x00'
E:/XDM/input/MTEXT/ID00493,b'\x00\x02\x00\x00'
E:/XDM/input/MTEXT/ID00494,b'\x00\x02\x00\x00'
E:/XDM/input/MTEXT/ID00495,b'\x00\x02\x00\x00'
E:/XDM/input/MTEXT/ID00496,b'\x00\x02\x00\x00'
E:/XDM/input/MTEXT/ID00497,b'\x00\x02\x00\x00'
E:/XDM/input/MTEXT/ID00498,b'\x00\x02\x00\x00'
E:/XDM/input/MTEXT/ID00499,b'\x00\x02\x00\x00'
E:/XDM/input/MTEXT/ID00500,b'\x00\x02\x00\x00'
E:/XDM/input/MTEXT/ID00501,b'\x00\x02\x00\x00'
E:/XDM/input/MTEXT/ID00502,b'\x00\x02\x00\x00'
E:/XDM/input/MTEXT/ID00503,b'\x00\x02\x00\x00'
E:/XDM/input/MTEXT/ID00504,b'\x00\x02\x00\x00'
E:/XDM/input/MTEXT/ID00505,b'\x00\x02\x00\x00'
E:/XDM/input/MTEXT/ID00506,b'\x00\x02\x00\x00'
E:/XDM/input/MTEXT/ID00507,b'\x00\x02\x00\x00'
E:/XDM/input/MTEXT/ID00508,b'\x00\x02\x00\x00'
E:/XDM/input/MTEXT/ID00509,b'\x00\x02\x00\x00'
E:/XDM/input/MTEXT/ID00510,b'\x00\x02\x00\x00'
E:/XDM/input/MTEXT/ID00511,b'\x00\x02\x00\x00'
E:/XDM/input/MTEXT/ID00512,b'\x00\x02\x00\x00'
E:/XDM/input/MTEXT/ID00513,b'\x00\x02\x00\x00'
E:/XDM/input/MTEXT/ID00514,b'\x00\x02\x00\x00'
E:/XDM/input/MTEXT/ID00515,b'\x00\x02\x00\x00'
E:/XDM/input/MTEXT/ID00516,b'\x00\x02\x00\x00'
E:/XDM/input/MTEXT/ID00517,b'\x00\x02\x00\x00'
E:/XDM/input/MTEXT/ID00518,b'\x00\x02\x00\x00'
E:/XDM/input/MTEXT/ID00519,b'\x00\x02\x00\x00'
E:/XDM/input/MTEXT/ID00520,b'\x00\x02\x00\x00'
E:/XDM/input/MTEXT/ID00521,b'\x00\x02\x00\x00'
E:/XDM/input/MTEXT/ID00522,b'\x00\x02\x00\x00'
E:/XDM/input/MTEXT/ID00523,b'\x00\x02\x00\x00'
E:/XDM/input/MTEXT/ID00524,b'\x00\x02\x00\x00'
E:/XDM/input/MTEXT/ID00525,b'\x00\x02\x00\x00'
E:/XDM/input/MTEXT/ID00526,b'\x00\x02\x00\x00'
E:/XDM/input/MTEXT/ID00527,b'\x00\x02\x00\x00'
E:/XDM/input/MTEXT/ID00528,b'\x00\x02\x00\x00'
E:/XDM/input/MTEXT/ID00529,b'\x00\x02\x00\x00'
E:/XDM/input/MTEXT/ID00530,b'\x00\x02\x00\x00'
E:/XDM/input/MTEXT/ID00531,b'\x00\x02\x00\x00'
E:/XDM/input/MTEXT/ID00532,b'\x00\x02\x00\x00'
E:/XDM/input/MTEXT/ID00533,b'\x00\x02\x00\x00'
E:/XDM/input/MTEXT/ID00534,b'\x00\x02\x00\x00'
E:/XDM/input/MTEXT/ID00535,b'\x00\x02\x00\x00'
E:/XDM/input/MTEXT/ID00536,b'\x00\x02\x00\x00'
E:/XDM/input/MTEXT/ID00537,b'\x00\x02\x00\x00'
E:/XDM/input/MTEXT/ID00538,b'\x00\x02\x00\x00'
E:/XDM/input/MTEXT/ID00539,b'\x00\x02\x00\x00'
E:/XDM/input/MTEXT/ID00540,b'\x00\x02\x00\x00'
E:/XDM/input/MTEXT/ID00541,b'\x00\x02\x00\x00'
E:/XDM/input/MTEXT/ID00542,b'\x00\x02\x00\x00'
E:/XDM/input/MTEXT/ID00543,b'\x00\x02\x00\x00'
E:/XDM/input/MTEXT/ID00544,b'\x00\x02\x00\x00'
E:/XDM/input/MTEXT/ID00545,b'\x00\x02\x00\x00'
E:/XDM/input/MTEXT/ID00546,b'\x00\x02\x00\x00'
E:/XDM/input/MTEXT/ID00547,b'\x00\x02\x00\x00'
E:/XDM/input/MTEXT/ID00548,b'\x00\x02\x00\x00'
E:/XDM/input/MTEXT/ID00549,b'\x00\x02\x00\x00'
E:/XDM/input/MTEXT/ID00550,b'\x00\x02\x00\x00'
E:/XDM/input/MTEXT/ID00551,b'\x00\x02\x00\x00'
E:/XDM/input/MTEXT/ID00552,b'\x00\x02\x00\x00'
E:/XDM/input/MTEXT/ID00553,b'\x00\x02\x00\x00'
E:/XDM/input/MTEXT/ID00554,b'\x00\x02\x00\x00'
E:/XDM/input/MTEXT/ID00555,b'\x00\x02\x00\x00'
E:/XDM/input/MTEXT/ID00556,b'\x00\x02\x00\x00'
E:/XDM/input/MTEXT/ID00557,b'\x00\x02\x00\x00'
E:/XDM/input/MTEXT/ID00558,b'\x00\x02\x00\x00'
E:/XDM/input/MTEXT/ID00559,b'\x00\x02\x00\x00'
E:/XDM/input/MTEXT/ID00560,b'\x00\x02\x00\x00'
E:/XDM/input/MTEXT/ID00561,b'\x00\x02\x00\x00'
E:/XDM/input/MTEXT/ID00562,b'\x00\x02\x00\x00'
E:/XDM/input/MTEXT/ID00563,b'\x00\x02\x00\x00'
E:/XDM/input/MTEXT/ID00564,b'\x00\x02\x00\x00'
E:/XDM/input/MTEXT/ID00565,b'\x00\x02\x00\x00'
E:/XDM/input/MTEXT/ID00566,b'\x00\x02\x00\x00'
E:/XDM/input/MTEXT/ID00567,b'\x00\x02\x00\x00'
E:/XDM/input/MTEXT/ID00568,b'\x00\x02\x00\x00'
E:/XDM/input/MTEXT/ID00569,b'\x00\x02\x00\x00'
E:/XDM/input/MTEXT/ID00570,b'\x00\x02\x00\x00'
E:/XDM/input/MTEXT/ID00571,b'\x00\x02\x00\x00'
E:/XDM/input/MTEXT/ID00572,b'\x00\x02\x00\x00'
E:/XDM/input/MTEXT/ID00573,b'\x00\x02\x00\x00'
E:/XDM/input/MTEXT/ID00574,b'\x00\x02\x00\x00'
E:/XDM/input/MTEXT/ID00575,b'\x00\x02\x00\x00'
E:/XDM/input/MTEXT/ID00576,b'\x00\x02\x00\x00'
E:/XDM/input/MTEXT/ID00577,b'\x00\x02\x00\x00'
E:/XDM/input/MTEXT/ID00578,b'\x00\x02\x00\x00'
E:/XDM/input/MTEXT/ID00579,b'\x00\x02\x00\x00'
E:/XDM/input/MTEXT/ID00580,b'\x00\x02\x00\x00'
E:/XDM/input/MTEXT/ID00581,b'\x00\x02\x00\x00'
E:/XDM/input/MTEXT/ID00582,b'\x00\x02\x00\x00'
E:/XDM/input/MTEXT/ID00583,b'\x00\x02\x00\x00'
E:/XDM/input/MTEXT/ID00584,b'\x00\x02\x00\x00'
E:/XDM/input/MTEXT/ID00585,b'\x00\x02\x00\x00'
E:/XDM/input/MTEXT/ID00586,b'\x00\x02\x00\x00'
E:/XDM/input/MTEXT/ID00587,b'\x00\x02\x00\x00'
E:/XDM/input/MTEXT/ID00588,b'\x00\x02\x00\x00'
E:/XDM/input/MTEXT/ID00589,b'\x00\x02\x00\x00'
E:/XDM/input/MTEXT/ID00590,b'\x00\x02\x00\x00'
E:/XDM/input/MTEXT/ID00591,b'\x00\x02\x00\x00'
E:/XDM/input/MTEXT/ID00592,b'\x00\x02\x00\x00'
E:/XDM/input/MTEXT/ID00593,b'\x00\x02\x00\x00'
E:/XDM/input/MTEXT/ID00594,b'\x00\x02\x00\x00'
E:/XDM/input/MTEXT/ID00595,b'\x00\x02\x00\x00'
E:/XDM/input/MTEXT/ID00596,b'\x00\x02\x00\x00'
E:/XDM/input/MTEXT/ID00597,b'\x00\x02\x00\x00'
E:/XDM/input/MTEXT/ID00598,b'\x00\x02\x00\x00'
E:/XDM/input/MTEXT/ID00599,b'\x00\x02\x00\x00'
E:/XDM/input/MTEXT/ID00600,b'\x00\x02\x00\x00'
E:/XDM/input/MTEXT/ID00601,b'\x00\x02\x00\x00'
