file,header
E:/XDM/input/OVER/ID00000,b'MWo3'
E:/XDM/input/OVER/ID00001,b'MWo3'
E:/XDM/input/OVER/ID00002,b'MWo3'
E:/XDM/input/OVER/ID00003,b'MWo3'
E:/XDM/input/OVER/ID00004,b'MWo3'
E:/XDM/input/OVER/ID00005,b'MWo3'
E:/XDM/input/OVER/ID00006,b'MWo3'
E:/XDM/input/OVER/ID00007,b'MWo3'
E:/XDM/input/OVER/ID00008,b'MWo3'
E:/XDM/input/OVER/ID00009,b'MWo3'
E:/XDM/input/OVER/ID00010,b'MWo3'
E:/XDM/input/OVER/ID00011,b'MWo3'
E:/XDM/input/OVER/ID00012,b'MWo3'
E:/XDM/input/OVER/ID00013,b'MWo3'
E:/XDM/input/OVER/ID00014,b'MWo3'
E:/XDM/input/OVER/ID00015,b'MWo3'
E:/XDM/input/OVER/ID00016,b'MWo3'
E:/XDM/input/OVER/ID00017,b'MWo3'
E:/XDM/input/OVER/ID00018,b'MWo3'
E:/XDM/input/OVER/ID00019,b'MWo3'
E:/XDM/input/OVER/ID00020,b'MWo3'
E:/XDM/input/OVER/ID00021,b'MWo3'
E:/XDM/input/OVER/ID00022,b'MWo3'
E:/XDM/input/OVER/ID00023,b'MWo3'
E:/XDM/input/OVER/ID00024,b'MWo3'
E:/XDM/input/OVER/ID00025,b'MWo3'
E:/XDM/input/OVER/ID00026,b'MWo3'
E:/XDM/input/OVER/ID00027,b'MWo3'
E:/XDM/input/OVER/ID00028,b'MWo3'
E:/XDM/input/OVER/ID00029,b'MWo3'
E:/XDM/input/OVER/ID00030,b'MWo3'
E:/XDM/input/OVER/ID00031,b'MWo3'
E:/XDM/input/OVER/ID00032,b'MWo3'
E:/XDM/input/OVER/ID00033,b'MWo3'
E:/XDM/input/OVER/ID00034,b'MWo3'
E:/XDM/input/OVER/ID00035,b'MWo3'
E:/XDM/input/OVER/ID00036,b'MWo3'
E:/XDM/input/OVER/ID00037,b'MWo3'
E:/XDM/input/OVER/ID00038,b'MWo3'
E:/XDM/input/OVER/ID00039,b'MWo3'
E:/XDM/input/OVER/ID00040,b'MWo3'
E:/XDM/input/OVER/ID00041,b'MWo3'
E:/XDM/input/OVER/ID00042,b'MWo3'
E:/XDM/input/OVER/ID00043,b'MWo3'
E:/XDM/input/OVER/ID00044,b'MWo3'
E:/XDM/input/OVER/ID00045,b'MWo3'
E:/XDM/input/OVER/ID00046,b'MWo3'
E:/XDM/input/OVER/ID00047,b'MWo3'
E:/XDM/input/OVER/ID00048,b'MWo3'
E:/XDM/input/OVER/ID00049,b'MWo3'
E:/XDM/input/OVER/ID00050,b'MWo3'
E:/XDM/input/OVER/ID00051,b'MWo3'
E:/XDM/input/OVER/ID00052,b'MWo3'
E:/XDM/input/OVER/ID00053,b'MWo3'
E:/XDM/input/OVER/ID00054,b'MWo3'
E:/XDM/input/OVER/ID00055,b'MWo3'
E:/XDM/input/OVER/ID00056,b'MWo3'
E:/XDM/input/OVER/ID00057,b'MWo3'
E:/XDM/input/OVER/ID00058,b'MWo3'
E:/XDM/input/OVER/ID00059,b'MWo3'
E:/XDM/input/OVER/ID00060,b'MWo3'
E:/XDM/input/OVER/ID00061,b'MWo3'
E:/XDM/input/OVER/ID00062,b'MWo3'
E:/XDM/input/OVER/ID00063,b'MWo3'
E:/XDM/input/OVER/ID00064,b'MWo3'
E:/XDM/input/OVER/ID00065,b'MWo3'
E:/XDM/input/OVER/ID00066,b'MWo3'
E:/XDM/input/OVER/ID00067,b'MWo3'
E:/XDM/input/OVER/ID00068,b'MWo3'
